{
  "Weights": [
    0.9571608783317223,
    0.6811106364888738,
    -0.04750503973485451,
    0.4025139575673588,
    -0.1483019576244983,
    -0.1849193275444723,
    0.3865698487554568,
    -0.5698190760152126,
    0.6085606789615193,
    -0.5439529322638134,
    0.15330459738583374,
    5.910698191460965,
    -0.3231289040423233,
    -2.19673748837636
  ],
  "Bias": -1.062712339668255,
  "NumFeatures": 14
}